1;Wii Sports;Wii;2006;Sports;Nintendo
2;Super Mario Bros.;NES;1985;Platform;Nintendo
3;Mario Kart Wii;Wii;2008;Racing;Nintendo
4;Wii Sports Resort;Wii;2009;Sports;Nintendo
5;Pokemon Red/Pokemon Blue;GB;1996;Role-Playing;Nintendo
6;Tetris;GB;1989;Puzzle;Nintendo
7;New Super Mario Bros.;DS;2006;Platform;Nintendo
8;Wii Play;Wii;2006;Misc;Nintendo
9;New Super Mario Bros. Wii;Wii;2009;Platform;Nintendo
10;Duck Hunt;NES;1984;Shooter;Nintendo
11;Nintendogs;DS;2005;Simulation;Nintendo
12;Mario Kart DS;DS;2005;Racing;Nintendo
13;Pokemon Gold/Pokemon Silver;GB;1999;Role-Playing;Nintendo
14;Wii Fit;Wii;2007;Sports;Nintendo
15;Wii Fit Plus;Wii;2009;Sports;Nintendo
16;Kinect Adventures!;X360;2010;Misc;Microsoft Game Studios
17;Grand Theft Auto V;PS3;2013;Action;Take-Two Interactive
18;Grand Theft Auto: San Andreas;PS2;2004;Action;Take-Two Interactive
19;Super Mario World;SNES;1990;Platform;Nintendo
20;Brain Age: Train Your Brain in Minutes a Day;DS;2005;Misc;Nintendo
21;Pokemon Diamond/Pokemon Pearl;DS;2006;Role-Playing;Nintendo
22;Super Mario Land;GB;1989;Platform;Nintendo
23;Super Mario Bros. 3;NES;1988;Platform;Nintendo
24;Grand Theft Auto V;X360;2013;Action;Take-Two Interactive
25;Grand Theft Auto: Vice City;PS2;2002;Action;Take-Two Interactive
26;Pokemon Ruby/Pokemon Sapphire;GBA;2002;Role-Playing;Nintendo
27;Pokemon Black/Pokemon White;DS;2010;Role-Playing;Nintendo
28;Brain Age 2: More Training in Minutes a Day;DS;2005;Puzzle;Nintendo
29;Gran Turismo 3: A-Spec;PS2;2001;Racing;Sony Computer Entertainment
30;Call of Duty: Modern Warfare 3;X360;2011;Shooter;Activision
31;Pokémon Yellow: Special Pikachu Edition;GB;1998;Role-Playing;Nintendo
32;Call of Duty: Black Ops;X360;2010;Shooter;Activision
33;Pokemon X/Pokemon Y;3DS;2013;Role-Playing;Nintendo
34;Call of Duty: Black Ops 3;PS4;2015;Shooter;Activision
35;Call of Duty: Black Ops II;PS3;2012;Shooter;Activision
36;Call of Duty: Black Ops II;X360;2012;Shooter;Activision
37;Call of Duty: Modern Warfare 2;X360;2009;Shooter;Activision
38;Call of Duty: Modern Warfare 3;PS3;2011;Shooter;Activision
39;Grand Theft Auto III;PS2;2001;Action;Take-Two Interactive
40;Super Smash Bros. Brawl;Wii;2008;Fighting;Nintendo
41;Call of Duty: Black Ops;PS3;2010;Shooter;Activision
42;Animal Crossing: Wild World;DS;2005;Simulation;Nintendo
43;Mario Kart 7;3DS;2011;Racing;Nintendo
44;Halo 3;X360;2007;Shooter;Microsoft Game Studios
45;Grand Theft Auto V;PS4;2014;Action;Take-Two Interactive
46;Pokemon HeartGold/Pokemon SoulSilver;DS;2009;Action;Nintendo
47;Super Mario 64;N64;1996;Platform;Nintendo
48;Gran Turismo 4;PS2;2004;Racing;Sony Computer Entertainment
49;Super Mario Galaxy;Wii;2007;Platform;Nintendo
50;Pokemon Omega Ruby/Pokemon Alpha Sapphire;3DS;2014;Role-Playing;Nintendo
51;Super Mario Land 2: 6 Golden Coins;GB;1992;Adventure;Nintendo
52;Grand Theft Auto IV;X360;2008;Action;Take-Two Interactive
53;Gran Turismo;PS;1997;Racing;Sony Computer Entertainment
54;Super Mario 3D Land;3DS;2011;Platform;Nintendo
55;Gran Turismo 5;PS3;2010;Racing;Sony Computer Entertainment
56;Call of Duty: Modern Warfare 2;PS3;2009;Shooter;Activision
57;Grand Theft Auto IV;PS3;2008;Action;Take-Two Interactive
58;Super Mario All-Stars;SNES;1993;Platform;Nintendo
59;Pokemon FireRed/Pokemon LeafGreen;GBA;2004;Role-Playing;Nintendo
60;Super Mario 64;DS;2004;Platform;Nintendo
61;Just Dance 3;Wii;2011;Misc;Ubisoft
62;Call of Duty: Ghosts;X360;2013;Shooter;Activision
63;Halo: Reach;X360;2010;Shooter;Microsoft Game Studios
64;Mario Kart 64;N64;1996;Racing;Nintendo
65;New Super Mario Bros. 2;3DS;2012;Platform;Nintendo
66;Halo 4;X360;2012;Shooter;Microsoft Game Studios
67;Final Fantasy VII;PS;1997;Role-Playing;Sony Computer Entertainment
68;Call of Duty: Ghosts;PS3;2013;Shooter;Activision
69;Just Dance 2;Wii;2010;Misc;Ubisoft
70;Gran Turismo 2;PS;1999;Racing;Sony Computer Entertainment
71;Call of Duty 4: Modern Warfare;X360;2007;Shooter;Activision
72;Donkey Kong Country;SNES;1994;Platform;Nintendo
73;Minecraft;X360;2013;Misc;Microsoft Game Studios
74;Animal Crossing: New Leaf;3DS;2012;Simulation;Nintendo
75;Mario Party DS;DS;2007;Misc;Nintendo
76;The Elder Scrolls V: Skyrim;X360;2011;Role-Playing;Bethesda Softworks
77;Super Mario Kart;SNES;1992;Racing;Nintendo
78;FIFA 16;PS4;2015;Sports;Electronic Arts
79;Wii Party;Wii;2010;Misc;Nintendo
80;Halo 2;XB;2004;Shooter;Microsoft Game Studios
81;Mario Party 8;Wii;2007;Misc;Nintendo
82;Pokemon Black 2/Pokemon White 2;DS;2012;Role-Playing;Nintendo
83;FIFA Soccer 13;PS3;2012;Action;Electronic Arts
84;The Sims 3;PC;2009;Simulation;Electronic Arts
85;GoldenEye 007;N64;1997;Shooter;Nintendo
86;Mario & Sonic at the Olympic Games;Wii;2007;Sports;Sega
87;Final Fantasy X;PS2;2001;Role-Playing;Sony Computer Entertainment
88;Final Fantasy VIII;PS;1999;Role-Playing;SquareSoft
89;Pokémon Platinum Version;DS;2008;Role-Playing;Nintendo
90;Pac-Man;2600;1982;Puzzle;Atari
91;Grand Theft Auto: Liberty City Stories;PSP;2005;Action;Take-Two Interactive
92;Super Mario Galaxy 2;Wii;2010;Platform;Nintendo
93;Star Wars Battlefront (2015);PS4;2015;Shooter;Electronic Arts
94;Call of Duty: Advanced Warfare;PS4;2014;Shooter;Activision
95;The Legend of Zelda: Ocarina of Time;N64;1998;Action;Nintendo
96;Crash Bandicoot 2: Cortex Strikes Back;PS;1997;Platform;Sony Computer Entertainment
97;Super Mario Bros. 2;NES;1988;Platform;Nintendo
98;Super Smash Bros. for Wii U and 3DS;3DS;2014;Fighting;Nintendo
99;Call of Duty: World at War;X360;2008;Shooter;Activision
100;Battlefield 3;X360;2011;Shooter;Electronic Arts
101;The Legend of Zelda: Twilight Princess;Wii;2006;Action;Nintendo
102;Call of Duty: Black Ops 3;XOne;2015;Shooter;Activision
103;Just Dance;Wii;2009;Misc;Ubisoft
104;Battlefield 3;PS3;2011;Shooter;Electronic Arts
105;Need for Speed Underground;PS2;2003;Racing;Electronic Arts
106;Tekken 3;PS;1998;Fighting;Sony Computer Entertainment
107;Crash Bandicoot 3: Warped;PS;1998;Platform;Sony Computer Entertainment
108;Super Smash Bros. Melee;GC;2001;Fighting;Nintendo
109;Mario Kart 8;WiiU;2014;Racing;Nintendo
110;Fallout 4;PS4;2015;Role-Playing;Bethesda Softworks
111;Mario Kart: Double Dash!!;GC;2003;Racing;Nintendo
112;Just Dance 4;Wii;2012;Misc;Ubisoft
113;FIFA 14;PS3;2013;Sports;Electronic Arts
114;Need for Speed Underground 2;PS2;2004;Racing;Electronic Arts
115;Medal of Honor: Frontline;PS2;2002;Shooter;Electronic Arts
116;Uncharted 3: Drake's Deception;PS3;2011;Action;Sony Computer Entertainment
117;Crash Bandicoot;PS;1996;Platform;Sony Computer Entertainment
118;Zumba Fitness;Wii;2010;Sports;505 Games
119;Gears of War 2;X360;2008;Shooter;Microsoft Game Studios
120;Uncharted 2: Among Thieves;PS3;2009;Action;Sony Computer Entertainment
121;Call of Duty 4: Modern Warfare;PS3;2007;Shooter;Activision
122;FIFA 12;PS3;2011;Sports;Electronic Arts
123;Big Brain Academy;DS;2005;Misc;Nintendo
124;Red Dead Redemption;PS3;2010;Action;Take-Two Interactive
125;FIFA 15;PS4;2014;Sports;Electronic Arts
126;Donkey Kong Country Returns;Wii;2010;Platform;Nintendo
127;The Elder Scrolls V: Skyrim;PS3;2011;Role-Playing;Bethesda Softworks
128;The Legend of Zelda;NES;1986;Action;Nintendo
129;Assassin's Creed III;PS3;2012;Action;Ubisoft
130;Halo: Combat Evolved;XB;2001;Shooter;Microsoft Game Studios
131;Pokémon Emerald Version;GBA;2004;Role-Playing;Nintendo
132;Kingdom Hearts;PS2;2002;Role-Playing;Sony Computer Entertainment
133;Pokémon Crystal Version;GB;2000;Role-Playing;Nintendo
134;Halo 3: ODST;X360;2009;Shooter;Microsoft Game Studios
135;Red Dead Redemption;X360;2010;Action;Take-Two Interactive
136;Super Mario Sunshine;GC;2002;Platform;Nintendo
137;Street Fighter II: The World Warrior;SNES;1992;Fighting;Capcom
138;World of Warcraft;PC;2004;Role-Playing;Activision
139;Driver;PS;1999;Action;GT Interactive
140;Kinect Sports;X360;2010;Sports;Microsoft Game Studios
141;Gears of War 3;X360;2011;Shooter;Microsoft Game Studios
142;Gears of War;X360;2006;Shooter;Microsoft Game Studios
143;Metal Gear Solid 2: Sons of Liberty;PS2;2001;Action;Konami Digital Entertainment
144;Sonic the Hedgehog 2;GEN;1992;Platform;Sega
145;Metal Gear Solid 4: Guns of the Patriots;PS3;2008;Action;Konami Digital Entertainment
146;Metal Gear Solid;PS;1998;Action;Konami Digital Entertainment
147;The Last of Us;PS3;2013;Action;Sony Computer Entertainment Europe
148;Final Fantasy XII;PS2;2006;Role-Playing;Square Enix
149;LittleBigPlanet;PS3;2008;Platform;Sony Computer Entertainment
150;Dragon Quest IX: Sentinels of the Starry Skies;DS;2009;Role-Playing;Nintendo
151;LEGO Star Wars: The Complete Saga;Wii;2007;Action;LucasArts
152;Resident Evil 2;PS;1998;Action;Virgin Interactive
153;Tekken 2;PS;1996;Fighting;Sony Computer Entertainment
154;Cooking Mama;DS;2006;Simulation;505 Games
155;Destiny;PS4;2014;Shooter;Activision
156;Tetris;NES;1988;Puzzle;Nintendo
157;Assassin's Creed II;PS3;2009;Action;Ubisoft
158;Super Smash Bros.;N64;1999;Fighting;Nintendo
159;Assassin's Creed;X360;2007;Adventure;Ubisoft
160;Batman: Arkham City;PS3;2011;Action;Warner Bros. Interactive Entertainment
161;Forza Motorsport 3;X360;2009;Racing;Microsoft Game Studios
162;Monster Hunter Freedom Unite;PSP;2008;Role-Playing;Capcom
163;Super Mario Advance;GBA;2001;Platform;Nintendo
164;Mario Kart: Super Circuit;GBA;2001;Racing;Nintendo
165;Super Mario World;GBA;2001;Platform;Nintendo
166;Pokemon Stadium;N64;1999;Strategy;Nintendo
167;Call of Duty: World at War;PS3;2008;Shooter;Activision
168;Crash Bandicoot: The Wrath of Cortex;PS2;2001;Platform;Universal Interactive
169;Minecraft;PS3;2014;Misc;Sony Computer Entertainment
170;Final Fantasy XIII;PS3;2009;Role-Playing;Square Enix
171;Dr. Mario;GB;1989;Puzzle;Nintendo
172;Pokemon Pinball;GB;1999;Misc;Nintendo
173;Assassin's Creed III;X360;2012;Action;Ubisoft
174;Final Fantasy IX;PS;2000;Role-Playing;SquareSoft
175;Final Fantasy X-2;PS2;2003;Role-Playing;Electronic Arts
176;Donkey Kong 64;N64;1999;Platform;Nintendo
177;Assassin's Creed II;X360;2009;Action;Ubisoft
178;Professor Layton and the Curious Village;DS;2007;Puzzle;Nintendo
179;Tomb Raider II;PS;1997;Action;Eidos Interactive
180;Madden NFL 2004;PS2;N/A;Sports;Electronic Arts
181;Dragon Quest VIII: Journey of the Cursed King;PS2;2004;Role-Playing;Square Enix
182;Diablo III;PC;2012;Role-Playing;Activision
183;Super Mario Bros. 3;GBA;2003;Platform;Nintendo
184;New Super Mario Bros. U;WiiU;2012;Platform;Nintendo
185;Super Mario Land 3: Wario Land;GB;1994;Platform;Nintendo
186;FIFA Soccer 13;X360;2012;Action;Electronic Arts
187;The Legend of Zelda: Phantom Hourglass;DS;2007;Action;Nintendo
188;Donkey Kong Country 2: Diddy's Kong Quest;SNES;1995;Platform;Nintendo
189;Tomodachi Life;3DS;2013;Simulation;Nintendo
190;Mario & Sonic at the Olympic Games;DS;2008;Sports;Sega
191;Medal of Honor: Rising Sun;PS2;2003;Shooter;Electronic Arts
192;Kirby's Dream Land;GB;1992;Platform;Nintendo
193;Fable III;X360;2010;Role-Playing;Microsoft Game Studios
194;Call of Duty: Advanced Warfare;XOne;2014;Shooter;Activision
195;Microsoft Flight Simulator;PC;1996;Simulation;Microsoft Game Studios
196;Guitar Hero II;PS2;2006;Misc;RedOctane
197;Resident Evil 5;PS3;2009;Action;Capcom
198;Grand Theft Auto V;XOne;2014;Action;Take-Two Interactive
199;Grand Theft Auto: Vice City Stories;PSP;2006;Action;Take-Two Interactive
200;FIFA Soccer 11;PS3;2010;Sports;Electronic Arts
201;Super Mario Bros.;GB;1999;Platform;Nintendo
202;Resident Evil;PS;1996;Action;Virgin Interactive
203;Tony Hawk's Pro Skater;PS;1999;Sports;Activision
204;Super Smash Bros. for Wii U and 3DS;WiiU;2014;Fighting;Nintendo
205;Warzone 2100;PS;1999;Strategy;Eidos Interactive
206;Spyro the Dragon;PS;1998;Platform;Sony Computer Entertainment
207;Link's Crossbow Training;Wii;2007;Shooter;Nintendo
208;Guitar Hero III: Legends of Rock;PS2;2007;Misc;Activision
209;Fallout 3;X360;2008;Role-Playing;Bethesda Softworks
210;Pokemon Mystery Dungeon: Explorers of Time/Explorers of Darkness;DS;2007;Role-Playing;Nintendo
211;Uncharted: Drake's Fortune;PS3;2007;Action;Sony Computer Entertainment
212;Madden NFL 06;PS2;2005;Sports;Electronic Arts
213;LEGO Star Wars: The Complete Saga;DS;2007;Action;LucasArts
214;Diddy Kong Racing;N64;1997;Racing;Nintendo
215;Monster Hunter Freedom 3;PSP;2010;Role-Playing;Capcom
216;Dr. Mario;NES;1990;Puzzle;Nintendo
217;God of War III;PS3;2010;Action;Sony Computer Entertainment
218;StarCraft II: Wings of Liberty;PC;2010;Strategy;Activision
219;Assassin's Creed;PS3;2007;Adventure;Ubisoft
220;FIFA 15;PS3;2014;Sports;Electronic Arts
221;Crash Team Racing;PS;1999;Racing;Sony Computer Entertainment
222;FIFA 17;PS4;2016;Sports;Electronic Arts
223;Batman: Arkham City;X360;2011;Action;Warner Bros. Interactive Entertainment
224;Driver 2;PS;2000;Action;Atari
225;The Simpsons: Hit & Run;PS2;2003;Racing;Vivendi Games
226;Tony Hawk's Pro Skater 2;PS;2000;Sports;Activision
227;Animal Crossing: City Folk;Wii;2008;Simulation;Nintendo
228;The Lord of the Rings: The Two Towers;PS2;2002;Action;Electronic Arts
229;Forza Motorsport 4;X360;2011;Racing;Microsoft Game Studios
230;Tomb Raider;PS;1996;Action;Eidos Interactive
231;Guitar Hero III: Legends of Rock;Wii;2007;Misc;Activision
232;The Legend of Zelda: A Link to the Past;SNES;1991;Action;Nintendo
233;The Legend of Zelda: The Wind Waker;GC;2002;Action;Nintendo
234;Mario & Sonic at the Olympic Winter Games;Wii;2009;Sports;Sega
235;Luigi's Mansion: Dark Moon;3DS;2013;Action;Nintendo
236;Splatoon;WiiU;2015;Shooter;Nintendo
237;The Last of Us;PS4;2014;Action;Sony Computer Entertainment
238;Guitar Hero III: Legends of Rock;X360;2007;Misc;Activision
239;Madden NFL 2005;PS2;2004;Sports;Electronic Arts
240;Pitfall!;2600;1981;Platform;Activision
241;Madden NFL 07;PS2;2006;Sports;Electronic Arts
242;Spider-Man: The Movie;PS2;2002;Action;Activision
243;Dragon Quest VII: Warriors of Eden;PS;2000;Role-Playing;Enix Corporation
244;Uncharted: The Nathan Drake Collection;PS4;2015;Action;Sony Computer Entertainment
245;Call of Duty: Advanced Warfare;PS3;2014;Shooter;Activision
246;God of War;PS2;2005;Action;Sony Computer Entertainment
247;Nintendo Land;WiiU;2012;Misc;Nintendo
248;Michael Jackson: The Experience;Wii;2010;Misc;Ubisoft
249;Tony Hawk's Pro Skater 3;PS2;2001;Sports;Activision
250;Winning Eleven: Pro Evolution Soccer 2007;PS2;2006;Sports;Konami Digital Entertainment
251;The Elder Scrolls IV: Oblivion;X360;2006;Role-Playing;Take-Two Interactive
252;Zelda II: The Adventure of Link;NES;1987;Adventure;Nintendo
253;Need for Speed: Most Wanted;PS2;2005;Racing;Electronic Arts
254;Resistance: Fall of Man;PS3;2006;Shooter;Sony Computer Entertainment
255;Sonic the Hedgehog;GEN;1991;Platform;Sega
256;Kingdom Hearts II;PS2;2005;Role-Playing;Square Enix
257;FIFA 14;X360;2013;Sports;Electronic Arts
258;Call of Duty: Advanced Warfare;X360;2014;Shooter;Activision
259;Asteroids;2600;1980;Shooter;Atari
260;Fable II;X360;2008;Role-Playing;Microsoft Game Studios
261;Halo 5: Guardians;XOne;2015;Shooter;Microsoft Game Studios
262;Super Mario 3D World;WiiU;2013;Platform;Nintendo
263;Batman: Arkham Asylum;PS3;2009;Action;Eidos Interactive
264;Assassin's Creed: Revelations;PS3;2011;Action;Ubisoft
265;Namco Museum;GBA;2001;Misc;Namco Bandai Games
266;Metal Gear Solid 3: Snake Eater;PS2;2004;Action;Konami Digital Entertainment
267;Daxter;PSP;2006;Platform;Sony Computer Entertainment
268;Warcraft II: Tides of Darkness;PC;1995;Strategy;Activision
269;The Legend of Zelda: Ocarina of Time;3DS;2011;Action;Nintendo
270;FIFA Soccer 06;PS2;2005;Sports;Electronic Arts
271;EyeToy Play;PS2;2003;Misc;Sony Computer Entertainment
272;Uncharted 4: A Thief's End;PS4;2016;Shooter;Sony Computer Entertainment
273;Gran Turismo 5 Prologue;PS3;2007;Racing;Sony Computer Entertainment
274;Assassin's Creed: Revelations;X360;2011;Action;Ubisoft
275;Street Fighter IV;PS3;2009;Fighting;Capcom
276;FIFA 12;X360;2011;Sports;Electronic Arts
277;Teenage Mutant Ninja Turtles;NES;1989;Action;Palcom
278;Excitebike;NES;1984;Racing;Nintendo
279;Frogger;PS;1997;Action;Hasbro Interactive
280;Madden NFL 2003;PS2;2002;Sports;Electronic Arts
281;Watch Dogs;PS4;2014;Action;Ubisoft
282;Half-Life;PC;1997;Shooter;Vivendi Games
283;Super Mario World 2: Yoshi's Island;SNES;1995;Platform;Nintendo
284;FIFA Soccer 07;PS2;2006;Sports;Electronic Arts
285;The Legend of Zelda: Skyward Sword;Wii;2011;Action;Nintendo
286;Street Fighter II Turbo;SNES;1992;Fighting;Capcom
287;Carnival Games;Wii;2007;Misc;Take-Two Interactive
288;Fallout 4;XOne;2015;Role-Playing;Bethesda Softworks
289;World of Warcraft: The Burning Crusade;PC;2007;Role-Playing;Activision
290;Fallout: New Vegas;X360;2010;Role-Playing;Bethesda Softworks
291;God of War II;PS2;2007;Action;Sony Computer Entertainment
292;Forza Motorsport 2;X360;2007;Racing;Microsoft Game Studios
293;World Soccer Winning Eleven 9;PS2;2005;Sports;Konami Digital Entertainment
294;Namco Museum Vol.3;PS;1996;Misc;Sony Computer Entertainment
295;Tekken Tag Tournament;PS2;2000;Fighting;Namco Bandai Games
296;Far Cry 4;PS4;2014;Shooter;Ubisoft
297;Star Fox 64;N64;1997;Shooter;Nintendo
298;Minecraft;PS4;2014;Misc;Sony Computer Entertainment Europe
299;Golf;NES;1984;Sports;Nintendo
300;Fallout 3;PS3;2008;Role-Playing;Bethesda Softworks
301;Professor Layton and the Diabolical Box;DS;2007;Puzzle;Nintendo
302;Left 4 Dead 2;X360;2009;Shooter;Electronic Arts
303;Namco Museum: 50th Anniversary;PS2;2005;Misc;Namco Bandai Games
304;EA Sports Active;Wii;2009;Sports;Electronic Arts
305;Assassin's Creed: Unity;PS4;2014;Action;Ubisoft
306;Donkey Kong Land;GB;1994;Platform;Nintendo
307;Tony Hawk's Underground;PS2;2003;Sports;Activision
308;Assassin's Creed IV: Black Flag;PS3;2013;Action;Ubisoft
309;Monster Hunter 4 Ultimate;3DS;2014;Role-Playing;Nintendo
310;MotorStorm;PS3;2006;Racing;Sony Computer Entertainment
311;The Elder Scrolls V: Skyrim;PC;2011;Role-Playing;Bethesda Softworks
312;Tekken 5;PS2;2005;Fighting;Namco Bandai Games
313;Dragon Warrior III;NES;1988;Role-Playing;Enix Corporation
314;Sports Champions;PS3;2010;Sports;Sony Computer Entertainment
315;NBA 2K16;PS4;2015;Sports;Take-Two Interactive
316;World Soccer Winning Eleven 8 International;PS2;2004;Sports;Konami Digital Entertainment
317;Flash Focus: Vision Training in Minutes a Day;DS;2007;Misc;Nintendo
318;Namco Museum Vol.1;PS;1995;Misc;Sony Computer Entertainment
319;The Legend of Zelda: Link's Awakening;GB;1992;Action;Nintendo
320;Mario & Luigi: Bowser's Inside Story;DS;2009;Role-Playing;Nintendo
321;Big Brain Academy: Wii Degree;Wii;2007;Misc;Nintendo
322;Nintendogs + cats;3DS;2011;Simulation;Nintendo
323;Batman: Arkham Knight;PS4;2015;Action;Warner Bros. Interactive Entertainment
324;Mario & Sonic at the London 2012 Olympic Games;Wii;2011;Sports;Sega
325;LEGO Indiana Jones: The Original Adventures;X360;2008;Action;Activision
326;Resident Evil Director's Cut;PS;1996;Action;Virgin Interactive
327;Ratchet & Clank: Size Matters;PSP;2007;Platform;Sony Computer Entertainment
328;Just Dance 2014;Wii;2013;Misc;Ubisoft
329;The Sims: Unleashed;PC;2002;Simulation;Electronic Arts
330;Super Paper Mario;Wii;2007;Platform;Nintendo
331;Harry Potter and the Sorcerer's Stone;PS;2001;Action;Electronic Arts
332;The Witcher 3: Wild Hunt;PS4;2015;Role-Playing;Namco Bandai Games
333;Resident Evil 3: Nemesis;PS;1999;Action;Eidos Interactive
334;Spyro: Year of the Dragon;PS;2000;Platform;Sony Computer Entertainment
335;FIFA Soccer 2005;PS2;2004;Sports;Electronic Arts
336;Pokémon Trading Card Game;GB;1998;Strategy;Nintendo
337;Battlefield 4;PS3;2013;Shooter;Electronic Arts
338;MySims;DS;2007;Simulation;Electronic Arts
339;Friend Collection;DS;2009;Misc;Nintendo
340;Tony Hawk's Pro Skater 4;PS2;2002;Sports;Activision
341;Midnight Club 3: DUB Edition;PSP;2005;Racing;Take-Two Interactive
342;Banjo-Kazooie;N64;1998;Platform;Nintendo
343;SOCOM: U.S. Navy SEALs;PS2;2002;Shooter;Sony Computer Entertainment
344;Guitar Hero: World Tour;Wii;2008;Misc;Activision
345;Gran Turismo 6;PS3;2013;Racing;Sony Computer Entertainment
346;Jak and Daxter: The Precursor Legacy;PS2;2001;Platform;Sony Computer Entertainment
347;Pokemon Snap;N64;1999;Simulation;Nintendo
348;FIFA Soccer 10;PS3;2009;Sports;Electronic Arts
349;Pro Evolution Soccer 2008;PS2;2007;Sports;Konami Digital Entertainment
350;Call of Duty: Ghosts;PS4;2013;Shooter;Activision
351;Resident Evil 4;PS2;2005;Action;Capcom
352;Tom Clancy's The Division;PS4;2016;Shooter;Ubisoft
353;Star Wars: Battlefront;PS2;2004;Shooter;LucasArts
354;Doom II: Hell on Earth;PC;1994;Shooter;Virgin Interactive
355;The Simpsons: Road Rage;PS2;2001;Racing;Electronic Arts
356;Cooking Mama 2: Dinner With Friends;DS;2007;Simulation;505 Games
357;Luigi's Mansion;GC;2001;Action;Nintendo
358;Star Wars: Battlefront II;PS2;2005;Shooter;LucasArts
359;WWF SmackDown!;PS;2000;Fighting;THQ
360;Croc: Legend of the Gobbos;PS;1997;Platform;Fox Interactive
361;Grand Theft Auto: Liberty City Stories;PS2;2006;Action;Take-Two Interactive
362;The Getaway;PS2;2002;Action;Sony Computer Entertainment
363;Tomb Raider III: Adventures of Lara Croft;PS;1997;Action;Eidos Interactive
364;James Bond 007: Agent Under Fire;PS2;2001;Shooter;Electronic Arts
365;LEGO Star Wars: The Video Game;PS2;2005;Action;Eidos Interactive
366;Battlefield 4;X360;2013;Shooter;Electronic Arts
367;FIFA Soccer 11;X360;2010;Sports;Electronic Arts
368;Rugrats in Paris: The Movie;PS;2000;Action;THQ
369;Spyro 2: Ripto's Rage!;PS;1999;Platform;Sony Computer Entertainment
370;Left 4 Dead;X360;2008;Shooter;Electronic Arts
371;Mario & Sonic at the Olympic Winter Games;DS;2009;Sports;Sega
372;Resident Evil 5;X360;2009;Action;Capcom
373;Donkey Kong Country 3: Dixie Kong's Double Trouble!;SNES;1996;Platform;Nintendo
374;Assassin's Creed: Brotherhood;X360;2010;Action;Ubisoft
375;Kung Fu;NES;1985;Action;Nintendo
376;Batman: Arkham Asylum;X360;2009;Action;Eidos Interactive
377;Clubhouse Games;DS;2006;Misc;Nintendo
378;FIFA Soccer 2004;PS2;N/A;Sports;Electronic Arts
379;Star Wars Battlefront (2015);XOne;2015;Shooter;Electronic Arts
380;Battlefield: Bad Company 2;X360;2010;Shooter;Electronic Arts
381;Guitar Hero: On Tour;DS;2008;Misc;Activision
382;Assassin's Creed: Unity;XOne;2014;Action;Ubisoft
383;Far Cry 3;PS3;2012;Shooter;Ubisoft
384;Monster Hunter 4;3DS;2013;Role-Playing;Capcom
385;Borderlands;X360;2009;Shooter;Take-Two Interactive
386;Tekken 4;PS2;2002;Fighting;Namco Bandai Games
387;Battlefield 4;PS4;2013;Shooter;Electronic Arts
388;LittleBigPlanet 2;PS3;2011;Platform;Sony Computer Entertainment
389;Grand Theft Auto 2;PS;1998;Action;Take-Two Interactive
390;Final Fantasy III;SNES;1994;Role-Playing;SquareSoft
391;Spider-Man 2;PS2;2004;Action;Activision
392;F-1 Race;GB;1990;Racing;Nintendo
393;FIFA Soccer 2003;PS2;2002;Sports;Electronic Arts
394;Crash Bash;PS;2000;Misc;Sony Computer Entertainment
395;LEGO Batman: The Videogame;X360;2008;Action;Warner Bros. Interactive Entertainment
396;Metal Gear Solid V: The Phantom Pain;PS4;2015;Action;Konami Digital Entertainment
397;The Legend of Zelda: Spirit Tracks;DS;2009;Action;Nintendo
398;WWF War Zone;PS;1998;Fighting;Acclaim Entertainment
399;The Legend of Zelda: Majora's Mask;N64;2000;Action;Nintendo
400;Professor Layton and the Unwound Future;DS;2008;Puzzle;Nintendo
401;Rugrats: Search For Reptar;PS;1998;Adventure;THQ
402;Assassin's Creed IV: Black Flag;X360;2013;Action;Ubisoft
403;English Training: Have Fun Improving Your Skills!;DS;2006;Misc;Nintendo
404;James Bond 007: Nightfire;PS2;2002;Shooter;Electronic Arts
405;Ratchet & Clank;PS2;2002;Platform;Sony Computer Entertainment
406;Mario Party 9;Wii;2012;Misc;Nintendo
407;Star Wars Episode III: Revenge of the Sith;PS2;2005;Action;LucasArts
408;Max Payne;PS2;2001;Shooter;Take-Two Interactive
409;The Lord of the Rings: The Return of the King;PS2;2003;Action;Electronic Arts
410;Assassin's Creed Syndicate;PS4;2015;Action;Ubisoft
411;Destiny;XOne;2014;Shooter;Activision
412;True Crime: Streets of LA;PS2;2003;Action;Activision
413;Wii Music;Wii;2008;Misc;Nintendo
414;Gran Turismo (PSP);PSP;2009;Racing;Sony Computer Entertainment
415;Monster Hunter X;3DS;2015;Action;Capcom
416;Tekken;PS;1995;Fighting;Sony Computer Entertainment
417;FIFA 16;XOne;2015;Sports;Electronic Arts
418;L.A. Noire;PS3;2011;Adventure;Take-Two Interactive
419;Madden NFL 16;PS4;2015;Sports;Electronic Arts
420;Yokai Watch 2 Ganso/Honke;3DS;2014;Role-Playing;Nintendo
421;007: Tomorrow Never Dies;PS;1999;Shooter;Electronic Arts
422;Baseball;NES;1983;Sports;Nintendo
423;Killer Instinct;SNES;1995;Fighting;Nintendo
424;WWF SmackDown! 2: Know Your Role;PS;2000;Fighting;THQ
425;Crisis Core: Final Fantasy VII;PSP;2007;Role-Playing;Square Enix
426;God of War: Chains of Olympus;PSP;2008;Action;Sony Computer Entertainment
427;Dragon Quest VI: Maboroshi no Daichi;SNES;1995;Role-Playing;Enix Corporation
428;Dance Central;X360;2010;Misc;MTV Games
429;Enter the Matrix;PS2;2003;Action;Atari
430;Super Mario Maker;WiiU;2015;Platform;Nintendo
431;Fallout: New Vegas;PS3;2010;Role-Playing;Bethesda Softworks
432;LEGO Batman: The Videogame;Wii;N/A;Action;Warner Bros. Interactive Entertainment
433;Rhythm Heaven;DS;2008;Misc;Nintendo
434;Ace Combat 04: Shattered Skies;PS2;2001;Simulation;Sony Computer Entertainment Europe
435;Club Penguin: Elite Penguin Force;DS;2008;Adventure;Disney Interactive Studios
436;Animal Crossing;GC;2001;Simulation;Nintendo
437;LEGO Batman: The Videogame;DS;2008;Action;Warner Bros. Interactive Entertainment
438;Sonic Rush;DS;2005;Platform;Sega
439;Resident Evil 6;PS3;2012;Shooter;Capcom
440;Halo: The Master Chief Collection;XOne;2014;Shooter;Microsoft Game Studios
441;FIFA Soccer 08;PS2;2007;Sports;Electronic Arts
442;Spider-Man;PS;2000;Action;Activision
443;Need for Speed III: Hot Pursuit;PS;1998;Racing;Electronic Arts
444;Star Wars Episode I Racer;N64;1999;Racing;Nintendo
445;Personal Trainer: Cooking;DS;2006;Misc;Nintendo
446;The Elder Scrolls IV: Oblivion;PS3;2007;Role-Playing;Ubisoft
447;Dragon Warrior IV;NES;1990;Role-Playing;Enix Corporation
448;Heavy Rain;PS3;2010;Adventure;Sony Computer Entertainment
449;Mass Effect 2;X360;2010;Role-Playing;Electronic Arts
450;FIFA 15;X360;2014;Sports;Electronic Arts
451;Dragon Ball Z: Budokai;PS2;2002;Fighting;Atari
452;Madden NFL 2002;PS2;2001;Sports;Electronic Arts
453;World Class Track Meet;NES;1986;Sports;Namco Bandai Games
454;Borderlands 2;X360;2012;Shooter;Take-Two Interactive
455;The Legend of Zelda: A Link Between Worlds;3DS;2013;Action;Nintendo
456;Donkey Kong;GB;1994;Platform;Nintendo
457;The Sims: Vacation;PC;2002;Simulation;Electronic Arts
458;Mass Effect 3;X360;2012;Role-Playing;Electronic Arts
459;Kung Fu Panda;X360;2008;Action;Activision
460;Far Cry 3;X360;2012;Shooter;Ubisoft
461;Epic Mickey;Wii;2010;Platform;Disney Interactive Studios
462;Saints Row 2;X360;2008;Action;THQ
463;Rayman;PS;1995;Platform;Ubisoft
464;Killzone 2;PS3;2009;Shooter;Sony Computer Entertainment
465;Tom Clancy's Splinter Cell;XB;2002;Action;Ubisoft
466;Mike Tyson's Punch-Out!!;NES;1987;Fighting;Nintendo
467;WWE SmackDown! Shut Your Mouth;PS2;2002;Sports;THQ
468;Gears of War: Ultimate Edition;XOne;2015;Shooter;Microsoft Game Studios
469;NBA 2K13;X360;2012;Sports;Take-Two Interactive
470;Dragon Ball Z: Budokai Tenkaichi 3;PS2;2007;Fighting;Atari
471;wwe Smackdown vs. Raw 2006;PS2;N/A;Fighting;N/A
472;Middle-Earth: Shadow of Mordor;PS4;2014;Action;Warner Bros. Interactive Entertainment
473;Star Fox;SNES;1993;Shooter;Nintendo
474;The Sims: Livin Large;PC;2000;Misc;Electronic Arts
475;World Soccer Winning Eleven 6 International;PS2;2002;Sports;Konami Digital Entertainment
476;Devil May Cry;PS2;2001;Action;Capcom
477;Animal Crossing: Happy Home Designer;3DS;2015;Simulation;Nintendo
478;Battlefield: Bad Company 2;PS3;2010;Shooter;Electronic Arts
479;The Sims 4;PC;2014;Simulation;Electronic Arts
480;Star Wars: The Old Republic;PC;2011;Role-Playing;Electronic Arts
481;Sonic Heroes;PS2;2003;Platform;Sega
482;Kirby Super Star Ultra;DS;2008;Platform;Nintendo
483;Hitman 2: Silent Assassin;PS2;2002;Action;Eidos Interactive
484;Street Fighter IV;X360;2009;Fighting;Capcom
485;Wave Race 64;N64;1996;Racing;Nintendo
486;SOCOM II: U.S. Navy SEALs;PS2;2003;Shooter;Sony Computer Entertainment
487;WWE SmackDown! vs. RAW 2006;PS2;2005;Fighting;THQ
488;inFAMOUS;PS3;2009;Action;Sony Computer Entertainment
489;Pac-Man Collection;GBA;2001;Puzzle;Atari
490;Mass Effect;X360;2007;Role-Playing;Microsoft Game Studios
491;WarioWare: Smooth Moves;Wii;2006;Puzzle;Nintendo
492;Cooking Mama: Cook Off;Wii;2007;Simulation;505 Games
493;Super Mario World 2: Yoshi's Island;GBA;2002;Platform;Nintendo
494;FIFA 14;PS4;2013;Sports;Electronic Arts
495;Titanfall;XOne;2014;Shooter;Electronic Arts
496;Sonic Mega Collection Plus;PS2;2004;Misc;Sega
497;Sega Superstars Tennis;X360;2008;Sports;Sega
498;World Soccer Winning Eleven 7 International;PS2;2003;Sports;Konami Digital Entertainment
499;Need for Speed: Most Wanted;PS3;2012;Racing;Electronic Arts
500;Hot Shots Golf 3;PS2;2001;Sports;Sony Computer Entertainment
501;Call of Duty: Finest Hour;PS2;2004;Shooter;Activision
502;Zumba Fitness 2;Wii;2011;Sports;Majesco Entertainment
503;Syphon Filter;PS;1999;Shooter;Sony Computer Entertainment
504;Imagine: Babyz;DS;2007;Simulation;Ubisoft
505;Colin McRae Rally;PS;1998;Racing;Codemasters
506;Call of Duty: Ghosts;XOne;2013;Shooter;Activision
507;Madden NFL 13;X360;2012;Sports;Electronic Arts
508;The Elder Scrolls III: Morrowind;XB;2002;Role-Playing;Ubisoft
509;Mortal Kombat;PS3;2011;Fighting;Warner Bros. Interactive Entertainment
510;F-Zero;SNES;1990;Racing;Nintendo
511;Yoshi's Story;N64;1997;Platform;Nintendo
512;Command & Conquer: Red Alert;PC;1996;Strategy;Virgin Interactive
513;Skylanders: Spyro's Adventure;Wii;2011;Action;Activision
514;FIFA 16;PS3;2015;Sports;Electronic Arts
515;Assassin's Creed: Brotherhood;PS3;2010;Action;Ubisoft
516;BioShock;X360;2007;Shooter;Take-Two Interactive
517;Madden NFL 10;X360;2009;Sports;Electronic Arts
518;Medal of Honor;PS3;2010;Shooter;Electronic Arts
519;WWE SmackDown! vs. Raw;PS2;2002;Fighting;THQ
520;Metroid Prime;GC;2002;Shooter;Nintendo
521;Finding Nemo;GBA;2003;Action;THQ
522;Myst;PC;1994;Adventure;Red Orb
523;Need for Speed: Hot Pursuit;PS3;2010;Racing;Electronic Arts
524;Imagine: Fashion Designer;DS;2007;Simulation;Ubisoft
525;WWE SmackDown! Here Comes the Pain;PS2;2003;Fighting;THQ
526;Star Wars: The Force Unleashed;X360;2008;Action;LucasArts
527;Yoshi's Island DS;DS;2006;Platform;Nintendo
528;Hot Shots Golf;PS;1997;Sports;Sony Computer Entertainment
529;Killzone 3;PS3;2011;Shooter;Sony Computer Entertainment
530;A Bug's Life;PS;1998;Platform;Sony Computer Entertainment
531;WWF SmackDown! Just Bring It;PS2;2001;Fighting;THQ
532;Dragon Quest V: Tenkuu no Hanayome;SNES;1992;Role-Playing;Enix Corporation
533;Mortal Kombat Trilogy;PS;1996;Fighting;GT Interactive
534;Battlefield 3;PC;2011;Shooter;Electronic Arts
535;NBA Street;PS2;2001;Sports;Electronic Arts
536;Professor Layton and the Last Specter;DS;2009;Puzzle;Nintendo
537;Monster Hunter Tri;3DS;2011;Role-Playing;Nintendo
538;Jak II;PS2;2003;Platform;Sony Computer Entertainment
539;inFAMOUS: Second Son;PS4;2014;Action;Sony Computer Entertainment
540;Ratchet & Clank: Going Commando;PS2;2003;Platform;Sony Computer Entertainment
541;Tekken 6;PS3;2009;Fighting;Namco Bandai Games
542;The Sims;PS2;2003;Simulation;Electronic Arts
543;Sonic and the Secret Rings;Wii;2007;Platform;Sega
544;Saints Row: The Third;X360;2011;Action;THQ
545;Missile Command;2600;1980;Shooter;Atari
546;Mario Paint;SNES;1992;Misc;Nintendo
547;Assassin's Creed IV: Black Flag;PS4;2013;Action;Ubisoft
548;Pokémon Stadium 2;N64;2000;Strategy;Nintendo
549;Metroid;NES;1986;Action;Nintendo
550;L.A. Noire;X360;2011;Adventure;Take-Two Interactive
551;Call of Duty 3;X360;2006;Shooter;Activision
552;The Legend of Zelda: A Link to the Past;GBA;2002;Action;Nintendo
553;Onimusha: Warlords;PS2;2001;Action;Virgin Interactive
554;Mortal Kombat X;PS4;2015;Fighting;Warner Bros. Interactive Entertainment
555;Mario Party;N64;1998;Misc;Nintendo
556;Madden NFL 12;X360;2011;Sports;Electronic Arts
557;LEGO Star Wars II: The Original Trilogy;PS2;2006;Action;LucasArts
558;Madden NFL 11;X360;2010;Sports;Electronic Arts
559;Mario vs. Donkey Kong: Mini-Land Mayhem!;DS;2010;Puzzle;Nintendo
560;Skate 3;X360;2010;Sports;Electronic Arts
561;Burnout 3: Takedown;PS2;2004;Racing;Electronic Arts
562;Yokai Watch 2 Shinuchi;3DS;2014;Role-Playing;Level 5
563;Need for Speed: Shift;PS3;2009;Racing;Electronic Arts
564;Final Fantasy XIII-2;PS3;2011;Role-Playing;Square Enix
565;Mortal Kombat;GEN;1992;Fighting;Arena Entertainment
566;Call Of Duty 2: Big Red One;PS2;2005;Shooter;Activision
567;Guitar Hero: World Tour;X360;2008;Misc;Activision
568;Medal of Honor;PS;1998;Shooter;Electronic Arts
569;Fable;XB;2004;Role-Playing;Microsoft Game Studios
570;Hannah Montana;DS;2006;Action;Disney Interactive Studios
571;Tom Clancy's Splinter Cell;PS2;2003;Action;Ubisoft
572;Skylanders Giants;Wii;2012;Action;Activision
573;Medal of Honor Heroes;PSP;2006;Shooter;Electronic Arts
574;Super Mario Bros.: The Lost Levels;NES;1986;Platform;Nintendo
575;Star Wars: Shadows of the Empire;N64;1996;Action;Nintendo
576;LEGO Star Wars: The Complete Saga;X360;2007;Action;LucasArts
577;Midnight Club: Street Racing;PS2;2000;Racing;Take-Two Interactive
578;Pac-Man: Adventures in Time;PSP;2006;Fighting;Sony Computer Entertainment
579;Halo Wars;X360;2009;Strategy;Microsoft Game Studios
580;God of War Collection;PS3;2009;Action;Sony Computer Entertainment
581;ESPN NFL 2K5;PS2;2004;Sports;Sega
582;Mario Strikers Charged;Wii;2007;Sports;Nintendo
583;Medal of Honor;X360;2010;Shooter;Electronic Arts
584;FIFA Soccer 10;X360;2009;Sports;Electronic Arts
585;NBA 2K12;X360;2011;Sports;Take-Two Interactive
586;Style Savvy;DS;2008;Simulation;Nintendo
587;Harry Potter and the Chamber of Secrets;PS2;2002;Action;Electronic Arts
588;Super Mario All-Stars: Limited Edition;Wii;2010;Platform;Nintendo
589;Streets of Rage;GEN;1990;Action;Sega
590;FIFA Soccer 09;PS3;2008;Sports;Electronic Arts
591;Ratchet & Clank Future: Tools of Destruction;PS3;2007;Platform;Sony Computer Entertainment
592;NBA Live 2005;PS2;2004;Sports;Electronic Arts
593;LittleBigPlanet;PSP;2009;Platform;Sony Computer Entertainment
594;Killzone: Shadow Fall;PS4;2013;Shooter;Sony Computer Entertainment
595;Ghostbusters: The Video Game (DS Version);X360;2009;Action;Take-Two Interactive
596;Monster Hunter Freedom 2;PSP;2007;Role-Playing;Capcom
597;WWE SmackDown vs. RAW 2007;PS2;2006;Fighting;THQ
598;Ratchet & Clank: Up Your Arsenal;PS2;2004;Platform;Sony Computer Entertainment
599;Art Academy;DS;2010;Misc;Nintendo
600;Dragon Age: Origins;X360;2009;Role-Playing;Electronic Arts
601;Madden NFL 08;PS2;2007;Sports;Electronic Arts
602;Sonic Adventure 2 Battle;GC;2001;Platform;Sega
603;Dragon Warrior II;NES;1987;Role-Playing;Enix Corporation
604;Madden NFL 13;PS3;2012;Sports;Electronic Arts
605;Pokémon Colosseum;GC;2003;Role-Playing;Nintendo
606;Deca Sports;Wii;2008;Sports;Konami Digital Entertainment
607;Madden NFL 09;X360;2008;Sports;Electronic Arts
608;Space Invaders;2600;N/A;Shooter;Atari
609;Crazy Taxi;PS2;2001;Racing;Acclaim Entertainment
610;Perfect Dark;N64;2000;Action;Nintendo
611;Game Party;Wii;2007;Misc;Midway Games
612;Dragon Warrior;NES;1986;Role-Playing;Capcom
613;Tomb Raider (2013);PS3;2013;Action;Square Enix
614;Marvel: Ultimate Alliance;X360;2006;Role-Playing;Activision
615;PES 2009: Pro Evolution Soccer;PS2;2008;Sports;Konami Digital Entertainment
616;Mario Party 2;N64;1999;Misc;Nintendo
617;Saints Row: The Third;PS3;2011;Action;THQ
618;Rockstar Games Double Pack: Grand Theft Auto III & Grand Theft Auto Vice City;XB;2003;Action;Take-Two Interactive
619;LEGO Harry Potter: Years 1-4;Wii;2010;Action;Warner Bros. Interactive Entertainment
620;Mortal Kombat: Deadly Alliance;PS2;2002;Fighting;Midway Games
621;Resistance 2;PS3;2008;Shooter;Sony Computer Entertainment
622;Pure;X360;2008;Racing;Disney Interactive Studios
623;Tomb Raider: The Last Revelation;PS;1998;Action;Eidos Interactive
624;NBA 2K13;PS3;2012;Sports;Take-Two Interactive
625;Rock Band;X360;N/A;Misc;Electronic Arts
626;NBA 2K14;X360;2013;Sports;Take-Two Interactive
627;Mario Party 4;GC;2002;Misc;Nintendo
628;uDraw Studio;Wii;2010;Misc;THQ
629;Midnight Club: Los Angeles;PS3;2008;Racing;Take-Two Interactive
630;Final Fantasy V;SNES;1992;Role-Playing;SquareSoft
631;Final Fantasy Tactics;PS;1997;Role-Playing;SquareSoft
632;Twisted Metal 2;PS;1996;Racing;Sony Computer Entertainment
633;Halo: Combat Evolved Anniversary;X360;2011;Shooter;Microsoft Game Studios
634;Need for Speed Carbon: Own the City;PSP;2006;Racing;Electronic Arts
635;The Sims: Bustin' Out;PS2;2003;Simulation;Electronic Arts
636;Riven: The Sequel to Myst;PC;1997;Adventure;Red Orb
637;Tom Clancy's Rainbow Six: Vegas 2;X360;2008;Shooter;Ubisoft
638;Sonic Adventure;DC;1998;Platform;Sega
639;Ice Hockey;NES;1988;Sports;Nintendo
640;pro evolution soccer 2011;PS3;2010;Sports;Konami Digital Entertainment
641;Dragon Ball Z: Budokai 2;PS2;2003;Fighting;Atari
642;ATV Offroad Fury;PS2;2001;Racing;Sony Computer Entertainment
643;Dino Crisis;PS;1998;Action;Capcom
644;Minecraft;XOne;2014;Misc;Microsoft Game Studios
645;Need for Speed: ProStreet;PS2;2007;Racing;Electronic Arts
646;Madden NFL 16;XOne;2015;Sports;Electronic Arts
647;Tetris Plus;PS;1996;Puzzle;JVC
648;Pro Wrestling;NES;1987;Fighting;Nintendo
649;Theme Hospital;PC;1997;Strategy;Electronic Arts
650;Frogger's Adventures: Temple of the Frog;GBA;N/A;Adventure;Konami Digital Entertainment
651;Need for Speed (2015);PS4;2015;Racing;Electronic Arts
652;Zumba Fitness;X360;2010;Sports;505 Games
653;LEGO Indiana Jones: The Original Adventures;Wii;N/A;Action;LucasArts
655;Monopoly;PC;1994;Misc;Hasbro Interactive
656;Batman: Arkham Origins;PS3;2013;Action;Warner Bros. Interactive Entertainment
657;Dead Island;X360;2011;Action;Deep Silver
658;Guitar Hero;PS2;2005;Misc;RedOctane
659;LEGO Star Wars: The Complete Saga;PS3;2007;Action;LucasArts
660;Kinect: Disneyland Adventures;X360;2011;Misc;Microsoft Game Studios
661;WCW/nWo Revenge;N64;1998;Fighting;THQ
662;Bloodborne;PS4;2015;Action;Sony Computer Entertainment
663;NBA 2K15;PS4;2014;Sports;Take-Two Interactive
664;Madden NFL 11;PS3;2010;Sports;Electronic Arts
665;Yu-Gi-Oh! The Duelists of the Roses;PS2;2001;Misc;Konami Digital Entertainment
666;Madden NFL 08;X360;2007;Sports;Electronic Arts
667;Half-Life 2;PC;2004;Shooter;Vivendi Games
668;The Incredibles;PS2;2004;Action;THQ
669;Tony Hawk's Underground 2;PS2;2004;Sports;Activision
670;Madden NFL 10;PS3;2009;Sports;Electronic Arts
671;Kinect Sports: Season Two;X360;2011;Sports;Microsoft Game Studios
672;Kirby's Dream Land 2;GB;1995;Platform;Nintendo
673;LEGO Harry Potter: Years 1-4;DS;2010;Action;Warner Bros. Interactive Entertainment
674;Donkey Kong Land II;GB;1996;Platform;Nintendo
675;Dragon Warrior Monsters;GB;1998;Role-Playing;Eidos Interactive
676;Midnight Club: Los Angeles;X360;2008;Racing;Take-Two Interactive
677;Skylanders SWAP Force;Wii;2013;Platform;Activision
678;WWE SmackDown vs Raw 2008;PS2;2007;Fighting;THQ
679;My Fitness Coach;Wii;2008;Sports;Ubisoft
680;Resident Evil - Code: Veronica X;PS2;2001;Action;Capcom
681;The Sims 3;X360;2010;Simulation;Electronic Arts
682;The Legend of Zelda: Majora's Mask 3D;3DS;2015;Action;Nintendo
683;NBA 2K16;XOne;2015;Sports;Take-Two Interactive
684;Just Dance Kids;Wii;2010;Misc;Ubisoft
685;Mario Tennis;N64;2000;Sports;Nintendo
686;Grand Theft Auto;PS;1997;Action;Take-Two Interactive
687;James Bond 007: Everything or Nothing;PS2;2004;Shooter;Electronic Arts
688;WarioWare Touched!;DS;2004;Puzzle;Nintendo
689;Need For Speed: High Stakes;PS;1999;Racing;Electronic Arts
690;Chrono Trigger;SNES;1995;Role-Playing;SquareSoft
691;Cool Boarders 3;PS;1998;Sports;989 Studios
692;LEGO Marvel Super Heroes;X360;2013;Action;Warner Bros. Interactive Entertainment
693;Guild Wars 2;PC;2012;Action;NCSoft
694;Pokemon Ranger: Shadows of Almia;DS;2008;Role-Playing;Nintendo
695;Dead Island;PS3;2011;Action;Deep Silver
696;Tomb Raider II;PC;1997;Action;Eidos Interactive
697;God of War: Ascension;PS3;2013;Action;Sony Computer Entertainment
698;Need for Speed Underground 2;XB;2004;Racing;Electronic Arts
699;Pro Evolution Soccer 2010;PS3;2009;Sports;Konami Digital Entertainment
700;Just Dance 2015;Wii;2014;Misc;Ubisoft
701;Yokai Watch Busters;3DS;2015;Action;Level 5
702;Mario Bros.;NES;1983;Platform;Nintendo
703;FIFA Soccer 09;PS2;2008;Sports;Electronic Arts
704;Star Wars: The Force Unleashed;PS3;2008;Action;LucasArts
705;Borderlands 2;PS3;2012;Shooter;Take-Two Interactive
706;TOCA Touring Car Championship;PS;1997;Racing;Codemasters
707;Paper Mario: Sticker Star;3DS;2012;Role-Playing;Nintendo
708;Sonic's Ultimate Genesis Collection;PS3;2009;Misc;Sega
709;Super Monkey Ball: Banana Blitz;Wii;2006;Misc;Sega
710;Kirby: Nightmare in Dream Land;GBA;2002;Platform;Nintendo
711;Wario Land 4;GBA;2001;Platform;Nintendo
712;Guitar Hero III: Legends of Rock;PS3;2007;Misc;Activision
713;Call of Duty 3;Wii;N/A;Shooter;Activision
714;Resident Evil 4;Wii;2007;Action;Capcom
715;Minecraft;PSV;2014;Misc;Sony Computer Entertainment Europe
716;Onimusha 2: Samurai's Destiny;PS2;2002;Adventure;Capcom
717;Cool Boarders 2;PS;1997;Sports;UEP Systems
718;Paper Mario: The Thousand-Year Door;GC;2004;Role-Playing;Nintendo
719;Madden NFL 12;PS3;2011;Sports;Electronic Arts
720;Monster Hunter Tri;Wii;2009;Role-Playing;Nintendo
721;Dissidia: Final Fantasy;PSP;2008;Fighting;Square Enix
722;Sonic Advance;GBA;2001;Platform;Sega
723;Spyro: Season of Ice;GBA;2001;Platform;Vivendi Games
724;Teenage Mutant Ninja Turtles II: The Arcade Game;NES;1990;Action;Konami Digital Entertainment
725;LEGO Indiana Jones: The Original Adventures;DS;2008;Action;Activision
726;Dance Dance Revolution X2;PS2;2009;Simulation;Konami Digital Entertainment
727;New Super Luigi U;WiiU;2013;Platform;Nintendo
728;Prince of Persia: The Sands of Time;PS2;2003;Action;Ubisoft
729;Scribblenauts;DS;2009;Puzzle;Warner Bros. Interactive Entertainment
730;The Legend of Zelda: Link's Awakening DX;GB;1998;Adventure;Nintendo
731;Need for Speed: Hot Pursuit;X360;2010;Racing;Electronic Arts
732;BioShock 2;X360;2010;Shooter;Take-Two Interactive
733;Assassin's Creed IV: Black Flag;XOne;2013;Action;Ubisoft
734;Devil May Cry 3: Dante's Awakening Special Edition;PS2;2006;Action;Capcom
735;Rock Band 2;X360;2008;Misc;Electronic Arts
736;Frogger;2600;1981;Action;Parker Bros.
737;Guitar Hero II;X360;2007;Misc;Activision
738;Wario Land 3;GB;2000;Platform;Nintendo
739;Pro Yakyuu Family Stadium;NES;1986;Sports;Namco Bandai Games
740;Sonic Unleashed;Wii;2008;Platform;Sega
741;High School Musical: Makin' the Cut!;DS;2007;Puzzle;Disney Interactive Studios
742;Pro Evolution Soccer 2012;PS3;2011;Action;Konami Digital Entertainment
743;Saints Row;X360;2006;Action;THQ
744;Star Wars: Knights of the Old Republic;XB;2003;Role-Playing;Activision
745;Kirby's Pinball Land;GB;1992;Misc;Nintendo
746;Donkey Kong Country;GB;2000;Platform;Nintendo
747;Hitman: Absolution;PS3;2012;Action;Square Enix
748;Yu-Gi-Oh: Duel Monsters 4;GB;2000;Role-Playing;Konami Digital Entertainment
749;ATV Offroad Fury 2;PS2;2002;Racing;THQ
750;Forza Motorsport 5;XOne;2013;Racing;Microsoft Game Studios
751;Madden NFL 25;X360;2013;Sports;Electronic Arts
752;Pokemon Ranger;DS;2006;Role-Playing;Nintendo
753;Mario & Luigi: Superstar Saga;GBA;2003;Role-Playing;Nintendo
754;Final Fantasy XIII;X360;2010;Role-Playing;Square Enix
755;Star Wars: Rogue Squadron;N64;1998;Simulation;Nintendo
756;Tennis;NES;1984;Sports;Nintendo
757;The Sims: House Party;PC;2001;Simulation;Electronic Arts
758;Your Shape featuring Jenny McCarthy;Wii;2009;Sports;Ubisoft
759;Syphon Filter 2;PS;2000;Shooter;Sony Computer Entertainment
760;Tom Clancy's Rainbow Six: Siege;PS4;2015;Shooter;Ubisoft
761;Volleyball;NES;1987;Sports;Nintendo
762;FIFA 15;XOne;2014;Sports;Electronic Arts
763;Call of Duty: Roads to Victory;PSP;2007;Shooter;Activision
764;Super Mario RPG: Legend of the Seven Stars;SNES;1996;Role-Playing;Nintendo
765;Mahjong;NES;1983;Misc;Nintendo
766;R.C. Pro-Am;NES;1988;Racing;Nintendo
767;SimCity 2000;PC;1992;Simulation;Maxis
768;Demon Attack;2600;1981;Shooter;Imagic
769;Dance Dance Revolution Extreme;PS2;2004;Simulation;Konami Digital Entertainment
770;Tetris DS;DS;2006;Puzzle;Nintendo
771;Final Fantasy Tactics Advance;GBA;2003;Role-Playing;SquareSoft
772;Far Cry: Primal;PS4;2016;Action;Ubisoft
773;Toy Story 3: The Video Game;DS;2010;Action;Disney Interactive Studios
774;Final Fantasy III;DS;2006;Role-Playing;Square Enix
775;Kirby's Epic Yarn;Wii;2010;Platform;Nintendo
776;Project Gotham Racing;XB;2001;Racing;Microsoft Game Studios
777;Golf;GB;1989;Sports;Nintendo
778;NBA 2K12;PS3;2011;Sports;Take-Two Interactive
779;Borderlands;PS3;2009;Shooter;Take-Two Interactive
780;Tony Hawk's Pro Skater;N64;2000;Sports;Activision
781;PES 2009: Pro Evolution Soccer;PS3;2008;Sports;Konami Digital Entertainment
782;Need for Speed: Hot Pursuit 2;PS2;2002;Racing;Electronic Arts
783;Mario Sports Mix;Wii;2010;Sports;Nintendo
784;Rock Band;Wii;N/A;Misc;MTV Games
785;Dynasty Warriors 4;PS2;2003;Action;Tecmo Koei
786;Mortal Kombat;X360;2011;Fighting;Warner Bros. Interactive Entertainment
787;Parasite Eve;PS;1998;Role-Playing;SquareSoft
788;Scooby-Doo! Night of 100 Frights;PS2;2002;Platform;THQ
789;Project Gotham Racing (JP weekly sales);XB;2002;Action;Microsoft Game Studios
790;Need for Speed: Most Wanted 5-1-0;PSP;2005;Racing;Electronic Arts
791;Portal 2;X360;2011;Shooter;Valve Software
792;Devil May Cry 3: Dante's Awakening;PS2;2005;Action;Capcom
793;Derby Stallion;PS;1997;Sports;ASCII Entertainment
794;Dead Rising;X360;2006;Action;Capcom
795;Finding Nemo;PS2;2003;Action;THQ
796;NBA 2K11;X360;2010;Action;Take-Two Interactive
797;Wipeout: The Game;Wii;2009;Misc;Mindscape
798;The Sims 2: Pets;DS;2006;Simulation;Electronic Arts
799;Battlefield: Hardline;PS4;2015;Shooter;Electronic Arts
800;Metal Gear Solid: Peace Walker;PSP;2010;Action;Konami Digital Entertainment
801;World of Warcraft: Cataclysm;PC;2010;Role-Playing;Activision
802;Tetris Worlds;PS2;2002;Puzzle;THQ
803;Need For Speed: Undercover;PS3;2008;Racing;Electronic Arts
804;Dance Dance Revolution: Hottest Party;Wii;2007;Simulation;Konami Digital Entertainment
805;Mario Party 5;GC;2003;Misc;Nintendo
806;Ghostbusters: The Video Game (DS Version);PS3;2010;Action;Take-Two Interactive
807;Sim Theme Park;PC;1998;Strategy;Electronic Arts
808;Warcraft: Orcs & Humans;PC;1994;Strategy;Activision
809;Skate 3;PS3;2010;Sports;Electronic Arts
810;Spec Ops: Airborne Commando;PS;2002;Shooter;Take-Two Interactive
811;Kingdom Hearts: Birth by Sleep;PSP;2010;Role-Playing;Square Enix
812;UFC 2009 Undisputed;X360;2009;Fighting;THQ
813;Dark Souls;PS3;2011;Role-Playing;Namco Bandai Games
814;Yu-Gi-Oh! The Eternal Duelist Soul;GBA;2001;Strategy;Konami Digital Entertainment
815;Need for Speed: ProStreet;X360;2007;Racing;Electronic Arts
816;The Sims 3;PS3;2010;Simulation;Electronic Arts
817;Tom Clancy's Splinter Cell: Conviction;X360;2010;Action;Ubisoft
818;Pokemon Mystery Dungeon: Red/Blue Rescue Team;GBA;2005;Role-Playing;Nintendo
819;The Incredibles;GBA;2004;Action;THQ
820;R4: Ridge Racer Type 4;PS;1998;Racing;Namco Bandai Games
821;SoulCalibur II;PS2;2003;Fighting;Namco Bandai Games
822;Mario & Luigi: Dream Team;3DS;2013;Role-Playing;Nintendo
823;Need for Speed: ProStreet;PS3;2007;Racing;Electronic Arts
824;Carnival Games;DS;2008;Misc;Take-Two Interactive
825;NBA 2K14;PS3;2013;Sports;Take-Two Interactive
826;Pokémon Mystery Dungeon: Blue Rescue Team;DS;2005;Role-Playing;Nintendo
827;Sonic Mega Collection;GC;2002;Misc;Infogrames
828;Diablo III;PS3;2013;Role-Playing;Activision
829;NBA Jam;GEN;1992;Sports;Arena Entertainment
830;PGR4 - Project Gotham Racing 4;X360;2007;Racing;Microsoft Game Studios
831;Kingdom Hearts 358/2 Days;DS;2009;Role-Playing;Square Enix
832;Dance Central 2;X360;2011;Misc;Microsoft Game Studios
833;Rayman Raving Rabbids: TV Party;Wii;2008;Misc;Ubisoft
834;SOCOM: U.S. Navy SEALs: Combined Assault;PS2;2006;Shooter;Sony Computer Entertainment
835;Peter Jackson's King Kong: The Official Game of the Movie;PS2;2005;Action;Ubisoft
836;Donkey Kong Country;GBA;2003;Platform;Nintendo
837;Need for Speed: The Run;PS3;2011;Action;Electronic Arts
838;Madden NFL 15;PS4;2014;Sports;Electronic Arts
839;1080Â°: TenEighty Snowboarding;N64;1998;Sports;Nintendo
840;Just Dance 3;X360;2011;Misc;Ubisoft
841;NBA Live 2004;PS2;2003;Sports;Electronic Arts
842;Dead Space;PS3;2008;Action;Electronic Arts
843;Call of Duty 2;X360;2005;Shooter;Activision
844;Madden NFL 15;X360;2014;Sports;Electronic Arts
845;Forza Horizon;X360;2012;Racing;Microsoft Game Studios
846;TouchMaster;DS;2007;Puzzle;Midway Games
847;Tom Clancy's The Division;XOne;2016;Shooter;Ubisoft
848;LEGO Marvel Super Heroes;PS3;2013;Action;Warner Bros. Interactive Entertainment
849;Fire Emblem: Awakening;3DS;2012;Role-Playing;Nintendo
850;DriveClub;PS4;2014;Racing;Sony Computer Entertainment
851;Super Street Fighter II;SNES;1993;Fighting;Nintendo
852;Mortal Kombat vs. DC Universe;PS3;2008;Fighting;Midway Games
853;Tenchu: Stealth Assassins;PS;1997;Action;Activision
854;Tennis;GB;1989;Sports;Nintendo
855;Harry Potter and the Chamber of Secrets;GBA;2002;Action;Electronic Arts
856;Harry Potter and the Chamber of Secrets;PS;2002;Action;Electronic Arts
857;SimCity;SNES;1991;Simulation;Nintendo
858;Battlefield 4;XOne;2013;Shooter;Electronic Arts
859;Resident Evil 6;X360;2012;Shooter;Capcom
860;Dragon Age: Inquisition;PS4;2014;Role-Playing;Electronic Arts
861;Sonic Classic Collection;DS;2010;Platform;Sega
862;Spyro: Enter the Dragonfly;PS2;2002;Platform;Universal Interactive
863;Call of Duty: World at War;Wii;2008;Shooter;Activision
864;Devil May Cry 2;PS2;2003;Action;Capcom
865;Burnout Paradise;PS3;2008;Racing;Electronic Arts
866;E.T.: The Extra Terrestrial;2600;1981;Action;Atari
867;BioShock Infinite;X360;2013;Shooter;Take-Two Interactive
868;Hot Shots Golf: Open Tee;PSP;2004;Sports;Sony Computer Entertainment
869;Rad Racer;NES;1986;Racing;Nintendo
870;Soccer;NES;1985;Sports;Nintendo
871;Kirby Squeak Squad;DS;2006;Platform;Nintendo
872;Tom Clancy's Rainbow Six: Vegas;X360;2006;Shooter;Ubisoft
873;Destiny;X360;2014;Shooter;Activision
874;Crash Nitro Kart;PS2;2003;Racing;Vivendi Games
875;Grand Theft Auto: San Andreas;XB;2005;Action;Take-Two Interactive
876;Star Wars: Dark Forces;PC;1994;Shooter;LucasArts
877;NBA Street Vol. 2;PS2;2003;Sports;Electronic Arts
878;Def Jam Vendetta;PS2;2003;Fighting;Electronic Arts
879;FIFA Soccer 09;X360;2008;Sports;Electronic Arts
880;Who wants to be a millionaire;PC;1999;Misc;Disney Interactive Studios
881;Scooby Doo and the Cyber Chase;PS;2001;Adventure;THQ
882;Alleyway;GB;1989;Puzzle;Nintendo
883;Dragon Ball Z: Budokai 3;PS2;2004;Fighting;Atari
884;Jet Moto 2;PS;1997;Racing;Sony Computer Entertainment
885;Tom Clancy's Ghost Recon;PS2;2002;Shooter;Ubisoft
886;X-Men Legends;PS2;2004;Role-Playing;Activision
887;Batman: Arkham Origins;X360;2013;Action;Warner Bros. Interactive Entertainment
888;Guitar Hero: World Tour;PS3;2008;Misc;Activision
889;Mortal Kombat II;SNES;1993;Fighting;Acclaim Entertainment
890;Virtua Fighter 2;SAT;1995;Fighting;Sega
891;Tetris DX;GB;1998;Puzzle;Nintendo
892;Mortal Kombat vs. DC Universe;X360;2008;Fighting;Midway Games
893;Watch Dogs;PS3;2014;Action;Ubisoft
894;Mario Super Sluggers;Wii;2008;Sports;Nintendo
895;Tomb Raider (2013);X360;2013;Action;Square Enix
896;The Legend of Zelda: Oracle of Ages;GB;2001;Action;Nintendo
897;Need for Speed: Shift;X360;2009;Racing;Electronic Arts
898;Monopoly;Wii;2008;Misc;Electronic Arts
899;Red Faction;PS2;2001;Shooter;THQ
900;The Sims: Makin' Magic;PC;2003;Simulation;Electronic Arts
901;MX Unleashed;PS2;2004;Racing;THQ
902;PaRappa The Rapper;PS;1996;Misc;Sony Computer Entertainment
903;Toy Story Mania!;Wii;2009;Misc;Disney Interactive Studios
904;Mario Party 3;N64;2000;Misc;Nintendo
905;Star Wars: The Force Unleashed;Wii;2008;Action;LucasArts
906;Game Party 2;Wii;2008;Misc;Midway Games
907;Destiny: The Taken King;PS4;2015;Shooter;Activision
908;LEGO Star Wars III: The Clone Wars;Wii;2011;Action;LucasArts
909;Star Wars Rogue Leader: Rogue Squadron II;GC;2001;Simulation;LucasArts
910;Max Payne 3;PS3;2012;Shooter;Take-Two Interactive
911;Need for Speed Rivals;PS4;2013;Racing;Electronic Arts
912;Madden NFL 09;PS3;2008;Sports;Electronic Arts
913;Yokai Watch;3DS;2013;Role-Playing;Nintendo
914;Ratchet & Clank Future: A Crack in Time;PS3;2009;Platform;Sony Computer Entertainment
915;Yu-Gi-Oh! Forbidden Memories;PS;1999;Role-Playing;Konami Digital Entertainment
916;Mortal Kombat: Deception;PS2;2004;Fighting;Midway Games
917;Hot Shots Golf 2;PS;1999;Sports;Sony Computer Entertainment
918;Medal of Honor: European Assault (All Region sales);PS2;2005;Shooter;Electronic Arts
919;WCW Nitro;PS;1998;Fighting;THQ
920;High School Musical: Sing It!;PS2;2007;Misc;Disney Interactive Studios
921;Star Fox Adventures;GC;2002;Adventure;Nintendo
922;FIFA 2000;PS;1998;Sports;Electronic Arts
923;Dynasty Warriors 3;PS2;2001;Action;THQ
924;Donkey Kong Country Returns;3DS;2013;Platform;Nintendo
925;The Legend of Zelda: Oracle of Seasons;GB;2001;Adventure;Nintendo
926;Madden NFL 06;XB;2005;Sports;Electronic Arts
927;Shrek 2;PS2;2004;Platform;Activision
928;The Legend of Dragoon;PS;1999;Role-Playing;Sony Computer Entertainment
929;Turok 2: Seeds of Evil;N64;1997;Platform;Acclaim Entertainment
930;SingStar;PS2;2004;Misc;Sony Computer Entertainment
931;LittleBigPlanet 3;PS4;2014;Platform;Sony Computer Entertainment
932;NBA Live 2002;PS2;2001;Sports;Electronic Arts
933;Phineas and Ferb;DS;2009;Action;Disney Interactive Studios
934;Chrono Cross;PS;1999;Role-Playing;SquareSoft
935;GoldenEye 007 (2010);Wii;2010;Action;Activision
936;Mario Party: Island Tour;3DS;2013;Misc;Nintendo
937;Jak 3;PS2;2004;Platform;Sony Computer Entertainment
938;Rayman Raving Rabbids 2;Wii;2007;Misc;Ubisoft
939;Kingdom Hearts: Chain of Memories;GBA;2004;Role-Playing;Square Enix
940;Pinball;NES;1984;Action;Nintendo
941;inFAMOUS 2;PS3;2011;Action;Sony Computer Entertainment
942;Gran Turismo Concept 2001 Tokyo;PS2;2001;Racing;Unknown
943;Demon's Souls;PS3;2009;Role-Playing;Namco Bandai Games
944;NCAA Football 06;PS2;2005;Sports;Electronic Arts
945;Hey You, Pikachu!;N64;1998;Simulation;Nintendo
946;2 Games in 1: Sonic Advance & ChuChu Rocket!;GBA;2005;Misc;THQ
947;World of Warcraft: Mists of Pandaria;PC;2012;Role-Playing;Activision
948;Jet Moto;PS;1996;Racing;Sony Computer Entertainment
949;Just Cause 3;PS4;2015;Action;Square Enix
950;Secret of Mana;SNES;1993;Role-Playing;SquareSoft
951;The Orange Box;X360;2007;Shooter;Electronic Arts
952;Air Combat;PS;1995;Simulation;Sony Computer Entertainment
953;Kirby: Triple Deluxe;3DS;2014;Platform;Nintendo
954;Sonic & Knuckles;GEN;1994;Platform;Sega
955;Namco Museum;PS2;2001;Misc;Namco Bandai Games
956;The Sims: Hot Date;PC;2001;Simulation;Electronic Arts
957;Metroid Prime 3: Corruption;Wii;2007;Shooter;Nintendo
958;Dragon Quest VI: Realms of Revelation;DS;2010;Role-Playing;Nintendo
959;The Evil Within;PS4;2014;Action;Bethesda Softworks
960;DDRMAX2: Dance Dance Revolution;PS2;2003;Simulation;Konami Digital Entertainment
961;Crazy Taxi;DC;2000;Racing;Sega
962;Virtua Fighter 4;PS2;2002;Fighting;Sega
963;Sly 2: Band of Thieves;PS2;2004;Platform;Sony Computer Entertainment
964;Guitar Hero: World Tour;PS2;2008;Misc;Activision
965;Sonic Advance 2;GBA;2002;Platform;Sega
966;Madden NFL 07;X360;2006;Sports;Electronic Arts
967;NBA 2K11;PS3;2010;Action;Take-Two Interactive
968;NFL GameDay 2000;PS;1999;Sports;989 Studios
969;Call of Duty: Black Ops 3;PS3;2015;Shooter;Activision
970;Disney's The Lion King;SNES;1994;Platform;Virgin Interactive
971;Beyond: Two Souls;PS3;2013;Adventure;Sony Computer Entertainment
972;Kinect Star Wars;X360;2012;Action;Microsoft Game Studios
973;Midnight Club II;PS2;2003;Racing;Take-Two Interactive
974;Dragon Quest Monsters: Joker;DS;2006;Role-Playing;Square Enix
975;SpongeBob SquarePants: SuperSponge;PS;2001;Action;THQ
976;The Getaway: Black Monday;PS2;2004;Action;Sony Computer Entertainment
977;Professor Layton and the Mask of Miracle;3DS;2011;Puzzle;Nintendo
978;Just Cause 2;PS3;2010;Action;Square Enix
979;Dragon's Dogma;PS3;2012;Role-Playing;Capcom
980;The Legend of Zelda: The Wind Waker;WiiU;2013;Action;Nintendo
981;50 Cent: Bulletproof;PS2;2005;Action;Vivendi Games
982;High School Musical: Sing It!;Wii;2007;Misc;Disney Interactive Studios
983;Wii Party U;WiiU;2013;Misc;Nintendo
984;Madden NFL 25;PS3;2013;Sports;Electronic Arts
985;Final Fantasy II;SNES;1991;Role-Playing;Square
986;Kirby 64: The Crystal Shards;N64;2000;Platform;Nintendo
987;Dead or Alive 3;XB;2001;Fighting;Microsoft Game Studios
988;UFC 2009 Undisputed;PS3;2009;Fighting;THQ
989;Metroid II: Return of Samus;GB;1991;Adventure;Nintendo
990;WWF Attitude;PS;1998;Fighting;Acclaim Entertainment
991;The SpongeBob SquarePants Movie;PS2;2004;Platform;THQ
992;Golden Sun;GBA;2001;Role-Playing;Nintendo
993;Sonic the Hedgehog 3;GEN;1994;Platform;Sega
994;Kid Icarus;NES;1986;Platform;Nintendo
995;Def Jam: Fight for NY;PS2;2004;Fighting;Electronic Arts
996;Tom Clancy's Ghost Recon;XB;2002;Shooter;Ubisoft
997;State of Emergency;PS2;2002;Action;Take-Two Interactive
998;BioShock Infinite;PS3;2013;Shooter;Take-Two Interactive
999;Hitman: Absolution;X360;2012;Action;Square Enix
1000;2 Games in 1 Double Pack: The Incredibles / Finding Nemo: The Continuing Adventures;GBA;2007;Action;THQ
1001;Call of Duty: Black Ops 3;X360;2015;Shooter;Activision
1002;The Urbz: Sims in the City;PS2;2004;Simulation;Electronic Arts
1003;FIFA Soccer 08;PS3;2007;Sports;Electronic Arts
1004;Star Wars: Starfighter;PS2;2001;Simulation;Activision
1005;Madden NFL 2000;PS;1998;Sports;Electronic Arts
1006;Kingdom Hearts;PS3;2013;Role-Playing;Square Enix
1007;Star Wars: Battlefront;XB;2004;Shooter;Activision
1008;Pro Evolution Soccer;PS2;2001;Sports;Konami Digital Entertainment
1009;Crackdown;X360;2007;Shooter;Microsoft Game Studios
1010;Yoshi;NES;1991;Puzzle;Nintendo
1011;Disney's Aladdin;SNES;1993;Platform;Capcom
1012;Kirby's Adventure;NES;1993;Platform;Nintendo
1013;Cooking Mama 3: Shop & Chop;DS;2009;Simulation;505 Games
1014;Dance Dance Revolution X;PS2;2008;Simulation;Konami Digital Entertainment
1015;2 Games in 1: Disney Princess & The Lion King;GBA;2004;Misc;THQ
1016;Star Wars Episode I: The Phantom Menace;PS;1999;Adventure;LucasArts
1017;Xenosaga Episode I: Der Wille zur Macht;PS2;2002;Role-Playing;Namco Bandai Games
1018;Portal 2;PS3;2011;Shooter;Valve
1019;The Beatles: Rock Band;Wii;2009;Misc;MTV Games
1020;Forza Motorsport 6;XOne;2015;Racing;Microsoft Game Studios
1021;Sonic Colors;Wii;2010;Platform;Sega
1022;Cruis'n USA;N64;1996;Racing;Nintendo
